Slno	Info	Gene	counterA	counterT	counterG	counterC	gcper
1	F1C1_v1_tRNA44 | F1C1_v1_tRNA44 | Gln tRNA | 68701:68777 Reverse	AGGGGAGTCGCCAAGTTGGTTAAGGCACCGGATTTTGATTCCGGCATGCGAGGGTTCGAGTCCTTCCTCCCCTGCCA	13	19	24	21	58.44155844155844
2	F1C1_v1_tRNA43 | F1C1_v1_tRNA43 | Met tRNA | 238081:238157 Reverse	GGCGAATTAGCTCAGTCGGTTAGAGCGACGGAATCATAATCCGCAGGTCCGGGGTTCGAGTCCCTGATTCGCCACCA	17	16	23	21	57.14285714285714
3	F1C1_v1_tRNA1 | F1C1_v1_tRNA1 | Pro tRNA | 531008:531084 Forward	CGGGGTGTAGCTTAGCCTGGTAGAGCGCTACGTTCGGGACGTAGAGGCCGGAGGTTCGAATCCTCTCACCCCGACCA	14	15	26	22	62.33766233766234
4	F1C1_v1_tRNA2 | F1C1_v1_tRNA2 | Thr tRNA | 701229:701304 Forward	GCCGGCTTAGCTCATCAGGTAGAGCAGTTGATTTGTAATCATCAGGTGGCGGGTTCGAGTCCTGCAGCCGGCACCA	15	18	24	19	56.57894736842105
5	F1C1_v1_tRNA3 | F1C1_v1_tRNA3 | Ile tRNA | 758164:758240 Forward	GGGTCTGTAGCTCAGGTGGTTAGAGCACCGTCTTGATAAGGCGGGGGTCGTAGGTTCAAGTCCTACCAGACCCACCA	16	17	25	19	57.14285714285714
6	F1C1_v1_tRNA4 | F1C1_v1_tRNA4 | Ala tRNA | 758277:758352 Forward	GGGGGATTAGCTCAGCTGGGAGAGCACCTGCTTTGCAAGCAGGGGGTCGTCGGTTCGATCCCGTCATCCTCCACCA	13	16	25	22	61.8421052631579
7	F1C1_v1_tRNA42 | F1C1_v1_tRNA42 | His tRNA | 894796:894871 Reverse	GTGGCTGTAGCTCAGTTGGTAGAGTCCCAGATTGTGATTCTGGTCGTCGTGGGTTCGAGTCCCATCAGCCACCCCA	12	21	23	20	56.57894736842105
8	F1C1_v1_tRNA5 | F1C1_v1_tRNA5 | Leu tRNA | 983138:983222 Forward	GCCCAGGTGGCGGAATTGGTAGACGCACTAGTTTCAGGTACTAGCGGGTAACTCCGTGGAGGTTCGAGTCCTCTCCTGGGCACCA	16	19	28	22	58.82352941176471
9	F1C1_v1_tRNA41 | F1C1_v1_tRNA41 | Asp tRNA | 1038846:1038922 Reverse	GGAGTGGTAGTTCAGTCGGTTAGAATACCGGCCTGTCACGCCGGGGGTCGCGGGTTCGAGTCCCGTCCACTCCGCCA	11	16	27	23	64.93506493506493
10	F1C1_v1_tRNA40 | F1C1_v1_tRNA40 | Glu tRNA | 1038987:1039062 Reverse	GTCCCCTTCGTCTAGAGGCCTAGGACATCACCCTTTCACGGTGAGTACAGGGGTTCGAATCCCCTAGGGGACGCCA	15	16	21	24	59.210526315789465
11	F1C1_v1_tRNA39 | F1C1_v1_tRNA39 | Ala tRNA | 1039179:1039254 Reverse	GGGGCTATAGCTCAGCTGGGAGAGCGCTTGCATGGCATGCAAGAGGTCAGCGGTTCGATCCCGCTTAGCTCCACCA	15	15	25	21	60.526315789473685
12	F1C1_v1_tRNA38 | F1C1_v1_tRNA38 | Ser tRNA | 1049910:1050003 Reverse	GGAGACGTGGCCGAGAGGTCGAAGGCACTCCCCTGCTAAGGGAGCATCCGGGCCAAAACCTGGATCGAGGGTTCGAATCCCTCCGTCTCCGCCA	20	14	30	30	63.829787234042556
13	F1C1_v1_tRNA6 | F1C1_v1_tRNA6 | Asn tRNA | 1110526:1110601 Forward	TCCCCGATAGCTCAGTCGGTAGAGCGCCGGACTGTTAATCCGTAGGTCCCTGGTTCGAGCCCAGGTCGGGGAGCCA	13	15	25	23	63.1578947368421
14	F1C1_v1_tRNA7 | F1C1_v1_tRNA7 | Leu tRNA | 1110680:1110770 Forward	GCCCGAGTGGTGAAATTGGTAGACACCGCGGACTTAAAATCCGCTGCGCCCTCACCGGCGCGTGCCGGTTCGACCCCGGCCTCGGGCACCA	16	14	28	33	67.03296703296702
15	F1C1_v1_tRNA8 | F1C1_v1_tRNA8 | Lys tRNA | 1114229:1114304 Forward	GGGGCGTTAGCTCAGTTGGTAGAGCAGCGGACTCTTAATCCGTAGGTCGAGTGTTCGAGTCACTCACGCCCCACCA	15	17	23	21	57.89473684210527
16	F1C1_v1_tRNA37 | F1C1_v1_tRNA37 | Cys tRNA | 1153358:1153431 Reverse	GGCGGGGTGGCAGAGTGGTCATGCAGCGGCCTGCAAAGCCGTGTACGCCGGTTCGATTCCGACCCCCGCCTCCA	11	12	26	25	68.91891891891892
17	F1C1_v1_tRNA36 | F1C1_v1_tRNA36 | Gly tRNA | 1153523:1153598 Reverse	GCGGGAATAGCTCAGTTGGTAGAGCGCAACCTTGCCAAGGTTGAGGTCGCGAGTTCGAGCCTCGTTTCCCGCTCCA	14	17	24	21	59.210526315789465
18	F1C1_v1_tRNA35 | F1C1_v1_tRNA35 | Gly tRNA | 1153653:1153728 Reverse	GCGGGAATAGCTCAGTTGGTAGAGCGCAACCTTGCCAAGGTTGAGGTCGCGAGTTCGAGCCTCGTTTCCCGCTCCA	14	17	24	21	59.210526315789465
19	F1C1_v1_tRNA9 | F1C1_v1_tRNA9 | Arg tRNA | 1260990:1261064 Forward	CTCGCCGTAGCACAATGGATAGTGCACGCGCCTCCTAAGCGTGAGATACAGGTTCGATTCCTGTCGGCGGGACCA	16	15	22	22	58.666666666666664
20	F1C1_v1_tRNA10 | F1C1_v1_tRNA10 | Phe tRNA | 1768943:1769018 Forward	GGCCCGGTAGCTCAGTTGGTAGAGCAGCGGATTGAAAATCCGCGTGTCGGTGGTTCGATTCCGCCCCAGGCCACCA	14	15	25	22	61.8421052631579
21	F1C1_v1_tRNA11 | F1C1_v1_tRNA11 | Arg tRNA | 1863932:1864007 Forward	GCGCCCGTAGCTCAATGGATAGAGTACTGCCCTCCGAAGGCAGGGGTTGCTGGTTCGATCCCAGCCGGGCGCGCCA	13	13	26	24	65.78947368421053
22	F1C1_v1_tRNA12 | F1C1_v1_tRNA12 | Ala tRNA | 2108026:2108101 Forward	GGGGCGGTAGCTCAGCTGGGAGAGCGTCGCGTTCGCAATGCGAAGGTCGGGAGTTCGATCCTCCTCCGCTCCACCA	12	14	27	23	65.78947368421053
23	F1C1_v1_tRNA34 | F1C1_v1_tRNA34 | Trp tRNA | 2274590:2274665 Reverse	AGGGGTATAGCTCAACTGGCAGAGCGTCGGTCTCCAAAACCGAAGGTTGGGGGTTCGATTCCCTCTGCCCCTGCCA	15	16	23	22	59.210526315789465
24	F1C1_v1_tRNA33 | F1C1_v1_tRNA33 | Leu tRNA | 2290225:2290309 Reverse	GCCCGGGTGGTGAAACAGGTAGACGCAGGGGACTCAAAATCCCCCGCCGCAAGGCGTGTCGGTTCGAGTCCGACCCCGGGCACCA	18	10	29	28	67.05882352941175
25	F1C1_v1_tRNA13 | F1C1_v1_tRNA13 | Ser tRNA | 2388580:2388669 Forward	GGAGAGGTGGCAGAGTGGTCGAATGTACCTGACTCGAAATCAGGCGTACCGGCAACGGTACCGTGGGTTCGAATCCCACCCTCTCCGCCA	20	16	28	26	60.0
26	F1C1_v1_tRNA14 | F1C1_v1_tRNA14 | Met tRNA | 2500993:2501068 Forward	GGGCCTGTAGCTCAGGGGTTAGAGCAGACGACTCATAATCGTTTGGTCGTGGGTTCGAAACCCACCGGGCCCACCA	16	15	24	21	59.210526315789465
27	F1C1_v1_tRNA32 | F1C1_v1_tRNA32 | Ser tRNA | 2554490:2554579 Reverse	GGAAGCGTGGCCGAGTGGTTTAAGGCAGCAGTCTTGAAAACTGCCGATGGGGTGACCCATCCGTGAGTTCGAATCTCACCGCTTCCGCCA	19	19	28	24	57.77777777777777
28	F1C1_v1_tRNA31 | F1C1_v1_tRNA31 | Arg tRNA | 2564362:2564438 Reverse	GCGGCTGTAGCTCAGTTGGATAGAGTACTTGGCTACGAACCAAGGGGTCGTGGGTTCGAATCCTGCCAGCCGCGCCA	15	16	26	20	59.74025974025974
29	F1C1_v1_tRNA30 | F1C1_v1_tRNA30 | Thr tRNA | 2593150:2593225 Reverse	GCCGGTGTAGCTCAGTTGGTAGAGCAGCGCATTCGTAATGCGAAGGTCGTAGGTTCGACTCCTATCTCCGGCACCA	15	18	23	20	56.57894736842105
30	F1C1_v1_tRNA15 | F1C1_v1_tRNA15 | Leu tRNA | 2663350:2663434 Forward	GCCGACGTGGTGAAATTGGTAGACACGCTATCTTGAGGGGGTAGTGGCGAAAGCTGTGCGAGTTCGAGTCTCGCCGTCGGCACCA	17	18	31	19	58.82352941176471
31	F1C1_v1_tRNA29 | F1C1_v1_tRNA29 | Ser tRNA | 2774414:2774504 Reverse	GGAGAGATGGATGAGTGGTTTAAGTCGCACGCCTGGAAAGCGTGTATAGGTTAATAGCCTATCGGGGGTTCGAATCCCCCTCTCTCCGCCA	20	22	28	21	53.84615384615385
32	F1C1_v1_tRNA16 | F1C1_v1_tRNA16 | Val tRNA | 2802638:2802712 Forward	GGGTGGTTAGCTCAGCGGTAGAGCACTGCCTTCACACGGCAGGGGTCACAGGTTCAATCCCTGTACCACCCACCA	16	14	21	24	60.0
33	F1C1_v1_tRNA17 | F1C1_v1_tRNA17 | Pro tRNA | 2850296:2850372 Forward	CGGGGCGTAGCGCAGCCTGGTAGCGCATCTGATTTGGGATCAGAGGGTCGCATGTTCGAATCATGTCGCCCCGACCA	14	16	26	21	61.038961038961034
34	F1C1_v1_tRNA28 | F1C1_v1_tRNA28 | Arg tRNA | 2869690:2869766 Reverse	CTGCCCATAGCTCAGTTGGATAGAGCATCGGCCTTCTAAGCCGACGGTCGGGGGTTCGAATCCCTCTGGGCAGGCCA	14	16	24	23	61.038961038961034
35	F1C1_v1_tRNA18 | F1C1_v1_tRNA18 | Val tRNA | 2890701:2890777 Forward	AGGCTCGTAGCTCAGCTGGTTAGAGCACCACCTTGACATGGTGGGGGTCGTTGGTTCGAGTCCAATCGAGCCTACCA	15	18	24	20	57.14285714285714
36	F1C1_v1_tRNA19 | F1C1_v1_tRNA19 | Pro tRNA | 2899042:2899118 Forward	CGGGGCGTAGCGCAGCCTGGTAGCGTACCTGCATGGGGTGCAGGTGGTCGGAGGTTCAAATCCTCTCGCCCCGACCA	12	14	28	23	66.23376623376623
37	F1C1_v1_tRNA27 | F1C1_v1_tRNA27 | Met tRNA | 2937185:2937261 Reverse	CGCGGGGTGGAGCAGTCTGGCAGCTCGTCGGGCTCATAACCCGAAGGTCGCAGGTTCAAATCCTGCCCCCGCAACCA	15	12	24	26	64.93506493506493
38	F1C1_v1_tRNA26 | F1C1_v1_tRNA26 | Met tRNA | 2937330:2937406 Reverse	CGCGGGGTGGAGCAGTCTGGCAGCTCGTCGGGCTCATAACCCGAAGGTCGCAGGTTCAAATCCTGCCCCCGCAACCA	15	12	24	26	64.93506493506493
39	F1C1_v1_tRNA20 | F1C1_v1_tRNA20 | Leu tRNA | 2981444:2981530 Forward	GCGAGGGTGGCGAAATTGGTAGACGCACCAGGTTTAGGTCCTGACGCCAGCAATGGTGTAGGGGTTCGAGTCCCCTCCCTCGCACCA	17	17	29	24	60.91954022988506
40	F1C1_v1_tRNA21 | F1C1_v1_tRNA21 | Val tRNA | 2990734:2990809 Forward	GGGTGCTTAGCTCAGTTGGTAGAGCGGCGCCCTTACAAGGCGTAGGTCGGGAGTTCGAGCCTCTCAGTACCCACCA	14	16	25	21	60.526315789473685
41	F1C1_v1_tRNA22 | F1C1_v1_tRNA22 | Asp tRNA | 2990855:2990931 Forward	GGAGCGGTAGTTCAGTCGGTTAGAATACCGGCCTGTCACGCCGGGGGTCGCGGGTTCGAGTCCCGTCCGCTCCGCCA	10	15	28	24	67.53246753246754
42	F1C1_v1_tRNA25 | F1C1_v1_tRNA25 | Gly tRNA | 3216724:3216797 Reverse	GCGGGCGTCGTATAATGGTAATACCCTAGCTTCCCAAGCTAGAGCCGTGGGTTCGATTCCCATCGCCCGCTCCA	14	17	19	24	58.108108108108105
43	F1C1_v1_tRNA23 | F1C1_v1_tRNA23 | Lys tRNA | 3251875:3251950 Forward	GGGTCGTTAGCTCAGTCGGTAGAGCAGCGGACTTTTAATCCGTTGGTCGCGTGTTCGAGTCACGCACGACCCACCA	14	18	23	21	57.89473684210527
44	F1C1_v1_tRNA24 | F1C1_v1_tRNA24 | Cys tRNA | 3295646:3295721 Reverse	GGCGGGGTGGCAGAGTGGTCAATGCTGCGGCTTGCAAAGCCGTATAAGTCGGTTCGATTCCGTTCCCCCGCCTCCA	12	17	25	22	61.8421052631579
